Station.Id,StationName,longitude,latitude,Easting,Northing
1,"River Street, Clerkenwell",-0.109971,51.5292,531202.52,182832.02
2,"Phillimore Gardens, Kensington",-0.197574,51.4996,525207.07,179391.86
3,"Christopher Street, Liverpool Street",-0.0846057,51.5213,532984.81,182001.53
4,"St. Chad's Street, King's Cross",-0.120974,51.5301,530436.76,182911.99
5,"Sedding Street, Sloane Square",-0.156876,51.4931,528051.649,178742.097
6,"Broadcasting House, Marylebone",-0.144229,51.5181,528857.44,181542.87
7,"Charlbert Street, St. John's Wood",-0.168074,51.5343,527158.01,183300.75
8,"Maida Vale, Maida Vale",-0.183486,51.529857,526102,182780
9,"New Globe Walk, Bankside",-0.0964408,51.5074,532203.97,180434.55
10,"Park Street, Bankside",-0.0927542,51.506,532463.89,180284.3
11,"Brunswick Square, Bloomsbury",-0.122502,51.524,530348.16,182230.04
12,"Malet Street, Bloomsbury",-0.130432,51.5217,529804.55,181963.45
13,"Scala Street, Fitzrovia",-0.13604,51.5199,529420.51,181757.11
14,"Belgrove Street, King's Cross",-0.123617,51.5299,530253.76,182894.42
15,"Great Russell Street, Bloomsbury",-0.127854,51.5177,529994.61,181528.35
16,"Cartwright Gardens, Bloomsbury",-0.125979,51.5264,530100.11,182491.47
17,"Hatton Wall, Holborn",-0.109006,51.5217,531290.96,181999.47
18,"Drury Lane, Covent Garden",-0.12222,51.5148,530393.97,181209.62
19,"Taviton Street, Bloomsbury",-0.131161,51.5251,529744.38,182336.93
20,"Drummond Street, Euston",-0.135273,51.5277,529451.5,182628.28
21,"Hampstead Road (Cartmel), Euston",-0.138846,51.5301,529256.99,182380.86
22,"Northington Street, Holborn",-0.114079,51.5223,530937.29,182057.43
23,"Red Lion Square, Holborn",-0.119123,51.5194,530595.47,181733.86
24,"British Museum, Bloomsbury",-0.124678,51.5191,530211.09,181684.46
25,"Doric Way, Somers Town",-0.13225,51.5288,529658.08,182755.67
26,"Ampton Street, Clerkenwell",-0.118295,51.5273,530630.49,182607.79
27,"Bouverie Street, Temple",-0.107928,51.5138,531388.33,181129.55
28,"Bolsover Street, Fitzrovia",-0.143614,51.5235,528884.89,182144.48
29,"Hereford Road, Bayswater",-0.193487,51.5137,525453.37,180970.67
30,"Windsor Terrace, Hoxton",-0.0934216,51.5292,532350.41,182860.8
31,"Fanshaw Street, Hoxton",-0.0833533,51.5295,533047.65,182921.6
32,"Leonard Circus, Shoreditch",-0.0844393,51.5247,532986.42,182381.31
33,"Central House, Aldgate",-0.0678275,51.5168,534009.15,181354.12
34,"Pancras Road, King's Cross",-0.129387,51.5341,529841.66,183348.98
36,"De Vere Gardens, Kensington",-0.184981,51.5017,526075.29,179650.36
37,"Penywern Road, Earl's Court",-0.192369,51.4916,525590.34,178509.69
38,"Abingdon Villas, Kensington",-0.197246,51.4974,525235.96,179145.61
39,"Shoreditch High Street, Shoreditch",-0.0781309,51.5264,533419.11,182579.78
40,"Commercial Street, Shoreditch",-0.0755789,51.5213,533611.07,182016.51
41,"Pindar Street, Liverpool Street",-0.0839112,51.52,533036.68,181861.94
42,"Wenlock Road, Hoxton",-0.0939038,51.531,532311.64,183064.25
43,"Crawford Street, Marylebone",-0.157184,51.5203,527952.63,181758.37
44,"Bruton Street, Mayfair",-0.144165,51.5107,528882.67,180722.19
45,"Boston Place, Marylebone",-0.162298,51.5225,527589.2,182009.84
46,"Nesham Street, Wapping",-0.06691,51.5071,534249.54,180457.25
47,"Warwick Avenue Station, Maida Vale",-0.183846,51.5233,526094.38,182055.16
48,"Godliman Street, St. Paul's",-0.0991414,51.5125,532001.83,180996.72
49,"Curzon Street, Mayfair",-0.145904,51.5071,528772.32,180311.26
50,"East Road, Hoxton",-0.0874594,51.5287,532765.36,182818.1
51,"Finsbury Library, Finsbury",-0.104298,51.5267,531603.01,182570.25
52,"Roscoe Street, St. Luke's",-0.0949349,51.523,532263.4,182168.6
53,"Grafton Street, Mayfair",-0.143495,51.51,528931.26,180640.57
54,"Golden Lane, Barbican",-0.0944751,51.5217,532298.79,182035.26
55,"Finsbury Circus, Liverpool Street",-0.0866855,51.5171,532852.76,181529.75
56,"Paddington Street, Marylebone",-0.154701,51.5206,528123.95,181798.72
57,"Guilford Street, Bloomsbury",-0.120203,51.5233,530509.42,182166.89
58,"New Inn Yard, Shoreditch",-0.0792481,51.5245,533347.02,182371.93
59,"Rodney Street, Angel",-0.114329,51.5318,530892.74,183113.88
60,"Lisson Grove, St. John's Wood",-0.172191,51.5264,526894.33,182420.42
61,"Great Dover Street, The Borough",-0.0894469,51.4974,532718.34,179334.86
62,"Cotton Garden Estate, Kennington",-0.106324,51.4908,531565.98,178567.74
63,"Murray Grove, Hoxton",-0.0897826,51.5309,532597.78,183060.43
64,"William IV Street, Strand",-0.124749,51.5095,530233.58,180614.78
65,"Gower Place, Euston",-0.135189,51.5252,529464.5,182349.44
66,"Holborn Circus, Holborn",-0.108657,51.518,531352,181582
67,"Hatton Garden, Holborn",-0.108028,51.5188,531366.95,181685.89
68,"Theobald's Road, Holborn",-0.116688,51.5206,530761.07,181867.36
69,"Euston Road, Euston",-0.134408,51.5262,529515.81,182463
70,"Calshot Street, King's Cross",-0.11707,51.5314,530703.8,183063.65
71,"Newgate Street, St. Paul's",-0.0988509,51.5154,532013.51,181323.53
72,"Farringdon Lane, Clerkenwell",-0.10834,51.5235,531331.83,182207.37
73,"Old Street Station, St. Luke's",-0.0884862,51.5257,532702.7,182488.5
74,"Vauxhall Cross, Vauxhall",-0.12447,51.4859,530320.05,177997
75,"Torrens Street, Angel",-0.105481,51.5322,531505.2,183177.73
76,"Longford Street, The Regent's Park",-0.144084,51.5256,528846.41,182374.62
77,"Russell Square Station, Bloomsbury",-0.124122,51.5234,530237.34,182167.88
78,"Sadlers Sports Centre, Finsbury",-0.0994895,51.5249,531941.91,182373.28
79,"Arundel Street, Temple",-0.0971465,51.4912,532201.84,178631.36
80,"Webber Street, Southwark",-0.102091,51.5007,531831.15,179680.23
81,"Great Titchfield Street, Fitzrovia",-0.141327,51.5203,529052.72,181785.42
82,"Chancery Lane, Holborn",-0.111257,51.5143,531156.89,181174.2
83,"Panton Street, West End",-0.131511,51.5096,529763.87,180622.49
84,"Breams Buildings, Holborn",-0.111778,51.5159,531115.08,181357.98
85,"Tanner Street, Bermondsey",-0.0786004,51.5006,533461.67,179717.59
86,"Sancroft Street, Vauxhall",-0.115157,51.4895,530956.46,178409.7
87,"Devonshire Square, Liverpool Street",-0.0796846,51.5165,533340.26,181474.99
88,"Bayley Street, Bloomsbury",-0.132053,51.5186,529700.83,181616.6
89,"Tavistock Place, Bloomsbury",-0.12351,51.5263,530271.73,182483.89
90,"Harrington Square 1, Camden Town",-0.139175,51.533,529165.96,183208.85
91,"Walnut Tree Walk, Vauxhall",-0.111015,51.4937,531231.91,178884.98
92,"Borough Road, Elephant & Castle",-0.100441,51.4989,531950.9,179483.56
93,"Cloudesley Road, Angel",-0.109025,51.5344,531252.73,183416.66
94,"Bricklayers Arms, Borough",-0.0858145,51.4951,532977.22,179083.3
95,"Aldersgate Street, Barbican",-0.0973402,51.5208,532102.65,181929.32
96,"Falkirk Street, Hoxton",-0.0785054,51.531,533379.78,183087.62
97,"Gloucester Road (North), Kensington",-0.183835,51.4979,526165.34,179228.37
98,"Hampstead Road, Euston",-0.138231,51.5255,529197.05,182882.41
99,"Old Quebec Street, Marylebone",-0.158264,51.5146,527897.26,181113.12
100,"Albert Embankment, Vauxhall",-0.122807,51.4904,530422.63,178502.44
101,"Queen Street 1, Bank",-0.0929401,51.5116,532434.82,180904.36
102,"Jewry Street, Aldgate",-0.0767934,51.5134,533549.8,181139.82
103,"Vicarage Gate, Kensington",-0.192539,51.5047,525542.52,179969.49
104,"Crosswall, Tower",-0.0771213,51.5116,533532.34,180937.71
105,"Westbourne Grove, Bayswater",-0.190241,51.5155,525672.29,181175.1
106,"Woodstock Street, Mayfair",-0.147302,51.5141,528655.55,181091.24
107,"Finsbury Leisure Centre, St. Luke's",-0.0963176,51.526,532158.64,182505.71
108,"Abbey Orchard Street, Westminster",-0.132102,51.4981,529755.52,179341.07
109,"Soho Square, Soho",-0.132329,51.5156,529690.11,181287.38
110,"Wellington Road, St. John's Wood",-0.172529,51.533,526852.57,183153.22
111,"Park Lane, Hyde Park",-0.157276,51.51,527974.95,180619.17
112,"Stonecutter Street, Holborn",-0.10527,51.5158,531566.99,181355.5
113,"Gloucester Road (Central), South Kensington",-0.183289,51.4965,526207.25,179066.74
114,"Park Road (Baker Street), The Regent's Park",-0.158964,51.5245,527817.25,182228.7
115,"Braham Street, Aldgate",-0.0735377,51.5142,533773.28,181237.7
116,"Little Argyll Street, West End",-0.141424,51.5145,529062.28,181145.45
117,"Lollard Street, Vauxhall",-0.114934,51.4929,530962.17,178788.37
118,"Rochester Row, Westminster",-0.135478,51.4958,529527.71,179079.49
119,"Bath Street, St. Luke's",-0.0908478,51.5259,532538.4,182502.8
120,"The Guildhall, Guildhall",-0.0930808,51.5157,532412.94,181369.17
121,"Baker Street, Marylebone",-0.156167,51.5189,528026.98,181610.41
122,"Norton Folgate, Liverpool Street",-0.0788698,51.5211,533383.23,181993.05
123,"St. John Street, Finsbury",-0.104725,51.5284,531568.7,182752.1
124,"Eaton Square, Belgravia",-0.150905,51.4965,528454.85,179132.12
125,"Borough High Street, The Borough",-0.0945243,51.5007,532356.33,179694.02
126,"Museum of London, Barbican",-0.0964969,51.5178,532169.89,181594.98
127,"Wood Street, Guildhall",-0.0938854,51.517,532353.43,181509.24
128,"Emperor's Gate, South Kensington",-0.185297,51.4954,526070.94,178940.89
129,"Golden Square, Soho",-0.137044,51.5119,529373.54,180863.79
130,"Tower Gardens, Tower",-0.0754595,51.5095,533653.76,180708.49
131,"Eversholt Street, Camden Town",-0.136793,51.533,529331.2,183211.54
132,"Bethnal Green Road, Shoreditch",-0.0747549,51.5236,533661.28,182282.38
133,"Derry Street, Kensington",-0.191462,51.5014,525626.45,179597.82
134,"Wapping High Street, Wapping",-0.06797,51.5049,534197.58,180201.54
135,"Clerkenwell Green, Clerkenwell",-0.104709,51.5233,531584.48,182184.98
136,"Queen Victoria Street, St. Paul's",-0.0974417,51.512,532121.28,180941.66
138,"Green Street, Mayfair",-0.157437,51.5123,527957.43,180870.1
139,"Lambeth Road, Vauxhall",-0.117975,51.4949,530745.36,179005.39
140,"Finsbury Square, Moorgate",-0.0856342,51.521,532914.39,181963.95
141,"Chapel Place, Marylebone",-0.147204,51.5153,528658.96,181225.18
142,"West Cromwell Road, Earl's Court",-0.198287,51.4937,525173.73,178736.49
143,"Pont Street, Knightsbridge",-0.161204,51.4969,527739.05,179152.13
144,"Kennington Cross, Kennington",-0.111436,51.4889,531216.31,178356.44
145,"Ilchester Place, Kensington",-0.202759,51.5007,524844.09,179509.41
146,"Vauxhall Bridge, Pimlico",-0.129362,51.4884,529973.46,178260.55
147,"Portugal Street, Holborn",-0.116146,51.5149,530814.86,181239.61
148,"Tachbrook Street, Victoria",-0.138365,51.4921,529337.84,178661.19
149,"Kennington Road Post Office, Oval",-0.110683,51.4848,531280.47,177896.16
150,"Holy Trinity Brompton, Knightsbridge",-0.168917,51.4971,527203.19,179157.56
151,"Chepstow Villas, Notting Hill",-0.201555,51.5121,524896.54,180778.45
152,"Hampton Street, Walworth",-0.101537,51.4922,531894.21,178733.38
153,"Bayswater Road, Hyde Park",-0.174293,51.5118,526789.06,180791.63
154,"Waterloo Station 3, Waterloo",-0.113864,51.504,531040.64,180023.88
155,"Lexham Gardens, Kensington",-0.191934,51.4959,525608.84,178985.58
156,"New Kent Road, The Borough",-0.0929212,51.4944,532485.73,179000.94
157,"Wright's Lane, Kensington",-0.193068,51.5004,525517.64,179487.53
158,"Trebovir Road, Earl's Court",-0.19617,51.4909,525328.5,178420.86
159,"Great Marlborough Street, Soho",-0.137841,51.5146,529310.5,181165.15
160,"Waterloo Place, St. James's",-0.131774,51.5066,529754.16,180287.75
161,"Guildhouse Street, Victoria",-0.141334,51.4923,529131.03,178682.02
162,"Southampton Place, Holborn",-0.121328,51.5176,530447.71,181526.59
163,"Sloane Avenue, Knightsbridge",-0.167895,51.4932,527284.91,178728.84
164,"Cleveland Gardens, Bayswater",-0.183119,51.5156,526166.22,181195.94
165,"Orsett Terrace, Bayswater",-0.183717,51.5179,526118.3,181453.46
166,"Seville Street, Knightsbridge",-0.159237,51.5019,527861.67,179708.09
167,"Eccleston Place, Victoria",-0.147624,51.494,528689.88,178849.45
168,"Argyll Road, Kensington",-0.195456,51.5004,525351.92,179483.81
169,"Porchester Place, Paddington",-0.165164,51.5147,527414.36,181131.29
170,"Hardwick Street, Clerkenwell",-0.108068,51.5278,531338.27,182688.56
171,"Collingham Gardens, Earl's Court",-0.186754,51.4916,525980.1,178521.74
172,"Sumner Place, South Kensington",-0.173716,51.4912,526886.31,178499.35
173,"Waterloo Road, South Bank",-0.113001,51.5049,531063,180124
174,"Strand, Strand",-0.115163,51.5125,530892.116,180973.289
175,"Worship Street, Shoreditch",-0.0811189,51.5217,533225.36,182059.03
176,"Gloucester Terrace, Bayswater",-0.188099,51.5179,525814.32,181444.5
177,"Ashley Place, Victoria",-0.140948,51.4962,529147.11,179106.96
178,"Warwick Square, Pimlico",-0.141924,51.4899,529097.16,178404.14
180,"North Audley Street, Mayfair",-0.153645,51.5129,528218.73,180947.41
181,"Belgrave Square, Belgravia",-0.152318,51.4994,528348.77,179448.56
182,"Bell Street, Marylebone",-0.165843,51.522,527339.64,181936.92
183,"Riverlight North, Nine Elms",-0.136124,51.4824,529524.18,177582.33
184,"Portland Place, Marylebone",-0.145212,51.5207,528781.93,181829.97
185,"Alderney Street, Pimlico",-0.140741,51.4881,529184.31,178206.2
186,"South Wharf Road, Paddington",-0.175811,51.5173,526668.47,181400.78
187,"Queen's Gate (South), South Kensington",-0.178433,51.4925,526405.85,179579.5
188,"Nutford Place, Marylebone",-0.164394,51.5165,527462.88,181329.66
189,"Claremont Square, Angel",-0.109915,51.5317,531199.2,183110.5
190,"Rampayne Street, Pimlico",-0.132846,51.49,529727.03,178433.45
191,"Hyde Park Corner, Hyde Park",-0.153521,51.5031,528254.85,179858.52
192,"Wardour Street, Soho",-0.133202,51.5125,529638.37,180939.3
193,"Bankside Mix, Bankside",-0.100186,51.5058,531948.57,180253.48
194,"Hop Exchange, The Borough",-0.0917738,51.5046,532535.83,180136.32
195,"Milroy Walk, South Bank",-0.106238,51.5072,531524.53,180401.24
196,"Union Street, The Borough",-0.0984977,51.5037,532071.91,180019.73
197,"Stamford Street, South Bank",-0.111607,51.5056,531156.74,180205.31
199,"Great Tower Street, Monument",-0.0829896,51.5105,533128.38,180803.6
200,"LMU Commercial Road, Whitechapel",-0.066078,51.5149,534288.83,181328.18
201,"Dorset Square, Marylebone",-0.161113,51.5226,527673.49,182011.34
202,"Leman Street, Aldgate",-0.069542,51.5124,534056,181037.08
203,"West Smithfield Rotunda, Farringdon",-0.100791,51.5182,531870.82,181631.408
204,"Margery Street, Clerkenwell",-0.112433,51.5266,531039.1,182542.5
206,"New Road 1, Whitechapel",-0.06275,51.5181,534517.16,181693.13
207,"Grosvenor Crescent, Belgravia",-0.153195,51.5014,528282.44,179662.78
208,"Mallory Street, Marylebone",-0.166304,51.5251,527306.54,182275.31
209,"Denyer Street, Knightsbridge",-0.165101,51.4936,527477.72,178778.08
210,"Hinde Street, Marylebone",-0.151926,51.5168,528327.06,181384.41
211,"Cadogan Place, Knightsbridge",-0.158106,51.4946,527960.38,178908.3
212,"Campden Hill Road, Notting Hill",-0.199004,51.5066,525088.74,180165.36
213,"Wellington Arch, Hyde Park",-0.149569,51.5027,528530.17,179823.44
214,"Endsleigh Gardens, Euston",-0.130504,51.5268,529784.86,182536.83
215,"Moorfields, Moorgate",-0.0882854,51.5191,532735.97,181748.6
216,"Old Brompton Road, South Kensington",-0.181191,51.4909,526368.13,178456.82
217,"Wormwood Street, Liverpool Street",-0.0824224,51.5162,533151.22,181435.12
218,"St. Luke's Church, Chelsea",-0.170194,51.4897,527134.93,178339.16
219,"Bramham Gardens, Earl's Court",-0.190394,51.4902,525731.42,178354.02
220,"Chelsea Green, Chelsea",-0.166485,51.4907,527389.8,178451.03
221,"Horseferry Road, Westminster",-0.130459,51.4948,529873.85,178973.78
222,"Knightsbridge, Hyde Park",-0.15535,51.5028,528128.94,179815.18
223,"Rodney Road, Walworth",-0.0902209,51.4915,532681.73,178677.61
224,"Queensway, Westminster",-0.1874024,51.51031,525885,180600
225,"Notting Hill Gate Station, Notting Hill",-0.196422,51.5094,525262.07,180478.32
226,"Charles II Street, West End",-0.131961,51.5084,529735.86,180488.71
227,"Great Percy Street, Clerkenwell",-0.115481,51.5289,530821.02,182794.61
228,"St. James's Square, St. James's",-0.134621,51.5074,529554.32,180370.72
229,"Whitehall Place, Strand",-0.12318,51.5065,530350.82,180292.98
230,"Poured Lines, Bankside",-0.103137,51.5067,531741.25,180345.48
231,"Queen's Gate (Central), South Kensington",-0.178732,51.494,526435.477,179658.216
232,"Carey Street, Holborn",-0.112753,51.515,531050.1,181253.15
233,"Pall Mall East, West End",-0.1307,51.5078,529825.47,180416.1
234,"Liverpool Road (N1 Centre), Angel",-0.106993,51.5345,531393.7,183431.3
235,"Kennington Road, Vauxhall",-0.110889,51.4957,531234.8,179111.16
236,"Fashion Street, Whitechapel",-0.0734389,51.5184,533767.99,181699.01
237,"Dock Street, Wapping",-0.0671764,51.5084,534231.65,180605.6
238,"Frampton Street, Paddington",-0.175116,51.5234,526699.99,182071.19
239,"Warren Street Station, Euston",-0.138019,51.5244,529270.36,182256.69
240,"Colombo Street, Southwark",-0.105692,51.5055,531567.52,180203.72
242,"Beaumont Street, Marylebone",-0.151359,51.522,528351.81,181962.95
243,"Gloucester Street, Pimlico",-0.139625,51.491,529253.6,178531.22
244,"Earnshaw Street, Covent Garden",-0.128585,51.5161,529948.48,181348.22
245,"Grosvenor Road, Pimlico",-0.142207,51.4854,529090.15,177903.33
246,"Berry Street, Clerkenwell",-0.0999941,51.5229,531912.73,182148.2
247,"St. John's Wood Church, The Regent's Park",-0.168314,51.5301,527202.89,182878
248,"Triangle Car Park, Hyde Park",-0.17028,51.5065,527082.5,180200.04
249,"Harper Road, The Borough",-0.0961911,51.4986,532246.71,179457.81
250,"Royal Avenue 1, Chelsea",-0.162727,51.4899,527653.88,178372.09
251,"Brushfield Street, Liverpool Street",-0.079249,51.5189,533380.93,181755.97
252,"Jubilee Gardens, South Bank",-0.116542,51.5046,530816.89,180092.77
253,"Shoreditch Park, Hoxton",-0.0863797,51.534,532824.63,183417.17
254,"Chadwell Street, Angel",-0.106408,51.5305,531445.7,182988.8
255,"Clifton Road, Maida Vale",-0.179593,51.5256,526383.28,182310.54
256,"Houghton Street, Strand",-0.116764,51.5136,530775.78,181091.44
257,"Westminster University, Marylebone",-0.154907,51.5225,528104.35,182009.43
258,"Kensington Gore, Knightsbridge",-0.178657,51.5014,526515.02,179627.42
259,"Bourne Street, Belgravia",-0.123248,51.5049,530350.66,180115.2
260,"Broadwick Street, Soho",-0.135581,51.5137,529469.99,181065.13
261,"Princes Square, Bayswater",-0.191351,51.5135,525600.85,180946.27
262,"LSBU (Borough Road), Elephant & Castle",-0.103133,51.4987,531764.47,179461.63
263,"St. Mary Axe, Aldgate",-0.0806601,51.5142,533279.12,181223.75
264,"Tysoe Street, Clerkenwell",-0.109257,51.5264,531259.84,182530.82
265,"Southwick Street, Paddington",-0.169249,51.516,527127.56,181258.45
266,"Queen's Gate (North), Kensington",-0.180246,51.501,526530.45,178797.11
267,"Regency Street, Westminster",-0.132225,51.4921,529764.23,178666.38
268,"Belgrave Road, Victoria",-0.144133,51.4932,528934.35,178772.58
269,"Empire Square, The Borough",-0.0897408,51.5008,532687.96,179716.97
270,"Kennington Lane Rail Bridge, Vauxhall",-0.122492,51.4863,530456.13,178047.92
271,"London Zoo, The Regent's Park",-0.156285,51.5358,527994.99,183502.41
272,"Baylis Road, Waterloo",-0.110699,51.5014,531231.55,179748.28
273,"Belvedere Road 1, South Bank",-0.114686,51.5061,530941.4,180262.54
274,"Warwick Road, Olympia",-0.205284,51.4967,524679.82,179056.82
275,"Barbican Centre, Barbican",-0.0921764,51.52,532463.19,181850.05
276,"Lower Thames Street, Monument",-0.0849854,51.5093,532993.34,180668.39
277,"Kensington Church Street, Kensington",-0.191496,51.5032,525619.17,179797.09
278,"Tooley Street, Bermondsey",-0.079621,51.5035,533382.53,180032.3
279,"North Wharf Road, Paddington",-0.176646,51.5186,526606.98,181542.44
280,"Royal Avenue 2, Chelsea",-0.162727,51.4899,527653.88,178372.09
281,"Smith Square, Westminster",-0.127575,51.4958,530076.33,179091.14
282,"Royal London Hospital, Whitechapel",-0.0596421,51.5191,534723.17,181800.37
283,"Kingsway, Covent Garden",-0.118479,51.5144,530654.56,181176.09
284,"Lambeth North Station, Waterloo",-0.112031,51.4991,531145.7,179489.69
286,"St. John's Wood Road, St. John's Wood",-0.174654,51.5273,526721.14,182510.28
287,"Bedford Way, Bloomsbury",-0.128378,51.5237,529941.38,182188.65
288,"Elizabeth Bridge, Victoria",-0.147479,51.4924,528704.44,178673.86
289,"South Audley Street, Mayfair",-0.151296,51.5092,528392.09,180542.12
290,"St Mary's Hospital, Westminster",-0.1711032,51.518268,526994,181513
291,"Claverton Street, Pimlico",-0.138089,51.4848,529377.55,177853.07
292,"Montpelier Street, Knightsbridge",-0.165472,51.4989,527437.25,179366.83
293,"Kensington Olympia Station, Olympia",-0.209494,51.4982,524383.68,179210.4
294,"St. George's Square, Pimlico",-0.135636,51.4882,529538.31,178233.95
295,"Swan Street, The Borough",-0.0927627,51.5003,532479.75,179652.88
296,"Knaresborough Place, Earl's Court",-0.190603,51.4936,525707.33,178739.31
297,"Geraldine Street, Elephant & Castle",-0.106001,51.4961,531572.94,179165.49
298,"Curlew Street, Shad Thames",-0.0741892,51.5023,533763.05,179907.22
299,"Vincent Square, Westminster",-0.136929,51.494,529432.24,178872.11
300,"Serpentine Car Park, Hyde Park",-0.17273,51.505,526916.47,180035.85
301,"Marylebone Lane, Marylebone",-0.148105,51.5148,528597.94,181162.61
302,"Putney Pier, Wandsworth",-0.216573,51.4669,524000.88,175710.09
303,"Albert Gate, Hyde Park",-0.158456,51.503,527912.8,179831.63
305,"Kennington Lane Tesco, Vauxhall",-0.115854,51.4868,530915.77,178108.3
306,"Rathbone Street, Fitzrovia",-0.135026,51.5182,529495.82,181564.12
307,"Black Lion Gate, Kensington Gardens",-0.187843,51.5099,525854.15,180554.1
308,"Long Lane, Bermondsey",-0.0856663,51.4991,532975.83,179529.99
309,"Embankment (Savoy), Strand",-0.119048,51.5096,530628.75,180643.74
310,"Black Prince Road, Vauxhall",-0.116912,51.4909,530830.63,178561.01
311,"Foley Street, Fitzrovia",-0.140486,51.5192,529114.14,181667.74
312,"Grove End Road, St. John's Wood",-0.176771,51.5309,526564.34,182906.36
313,"Wells Street, Fitzrovia",-0.138073,51.5173,529286.74,181467.67
314,"Tyers Gate, Bermondsey",-0.0831594,51.5009,533144.55,179736.24
315,"The Tennis Courts, The Regent's Park",-0.153464,51.5254,528196.4,182332.8
316,"Warwick Row, Westminster",-0.1429606,51.497998,529003,179308
317,"Dickens Square, Borough",-0.0939135,51.4968,532410.03,179261.03
318,"Sackville Street, Mayfair",-0.138846,51.51,529253.69,180654.96
319,"Baldwin Street, St. Luke's",-0.0885428,51.527,532695,182632.9
320,"Queen Mother Sports Centre, Victoria",-0.139956,51.4936,529223.25,178820.98
321,"Bermondsey Street, Bermondsey",-0.081608,51.4979,533261.06,179401.7
322,"Palissy Street, Shoreditch",-0.073955,51.5263,533710,182585
323,"Clifton Street, Shoreditch",-0.083067,51.5232,533087,182217
324,"Ontario Street, Elephant & Castle",-0.101384,51.4965,531892.27,179217.4
325,"St. Martin's Street, West End",-0.129698,51.5091,529195.21,183852.96
326,"Graham Street, Angel",-0.0999811,51.5327,531885.3,183239
327,"New North Road 1, Hoxton",-0.086016,51.5311,532861.67,183094.77
328,"New North Road 2, Hoxton",-0.086016,51.5311,532861.67,183094.77
329,"Prince Albert Road, The Regent's Park",-0.160854,51.5359,527654.29,183490.4
330,"Eastbourne Mews, Paddington",-0.179135,51.5164,526440.38,181292.94
331,"Bunhill Row, Moorgate",-0.0898879,51.5209,532619.6,181944.7
332,"Nevern Place, Earl's Court",-0.194758,51.4933,525419.72,178700.14
333,"Palace Gardens Terrace, Notting Hill",-0.193764,51.5086,525446.83,180399.05
334,"Concert Hall Approach 1, South Bank",-0.115851,51.505,530865.79,180140.84
335,"Tavistock Street, Covent Garden",-0.120719,51.512,530506.11,180900.62
336,"Concert Hall Approach 2, South Bank",-0.115851,51.505,530865.79,180140.84
337,"Pembridge Villas, Notting Hill",-0.197525,51.5111,525179.06,180668.3
338,"Wellington Street, Strand",-0.119643,51.5118,530581.33,180879.01
339,"Risinghill Street, Angel",-0.111781,51.5333,531070.62,183293.01
340,"Bank of England Museum, Bank",-0.0875874,51.5144,532797.84,181235.22
341,"Craven Street, Strand",-0.126021,51.5081,530149.2,180461.39
343,"London Zoo Car Park, The Regent's Park",-0.150181,51.5369,528391.59,183623.53
344,"Goswell Road (City Uni), Finsbury",-0.101026,51.5282,531825.57,182746.06
345,"Flood Street, Chelsea",-0.166879,51.488,527369.84,178156.66
347,"Lower Marsh, Waterloo",-0.113936,51.5001,531010.65,179597.35
348,"Grosvenor Square, Mayfair",-0.150481,51.5122,528440.37,180870.5
349,"St. George Street, Mayfair",-0.142783,51.512,528975.13,180860.64
350,"Queen's Gate, Kensington Gardens",-0.179854,51.5017,526555.34,178632.18
351,"Macclesfield Rd, St Lukes",-0.097122,51.5294,532093.01,182886.94
352,"Vauxhall Street, Vauxhall",-0.116625,51.487,530854.046,178153.98
353,"Greycoat Street, Westminster",-0.134234,51.4946,529617.55,178944.29
354,"Northumberland Avenue, Strand",-0.123702,51.5068,530288.49,180330.72
355,"Oval Way, Vauxhall",-0.117286,51.4866,530818.29,178083.32
356,"South Kensington Station, South Kensington",-0.173881,51.4944,526871.13,178855.66
357,"Howland Street, Fitzrovia",-0.139016,51.521,529212.827,181872.491
358,"High Holborn, Covent Garden",-0.124332,51.5164,530242.65,181390.92
359,"Butler Place, Westminster",-0.135441,51.4978,529531.225,179313.999
360,"Howick Place, Westminster",-0.138734,51.4968,529299.12,179176.71
361,"Waterloo Station 2, Waterloo",-0.113864,51.504,531040.64,180023.88
362,"Royal College Street, Camden Town",-0.133952,51.5363,529520.995,183579.082
363,"Lord's, St. John's Wood",-0.171185,51.5291,526944.459,182707.833
364,"Alfred Place, Bloomsbury",-0.132339,51.5197,529680.144,181734.921
365,"City Road, Angel",-0.100168,51.5303,531880.29,182981.45
366,"Millennium Hotel, Mayfair",-0.151126,51.5109,528391.392,180732.216
367,"Harrowby Street, Marylebone",-0.164208,51.5174,527463.89,181423.65
368,"Harriet Street, Knightsbridge",-0.159341,51.5002,527864.13,179533.78
370,"Paddington Green, Paddington",-0.174593,51.5202,526746.15,181722.87
371,"King Edward Walk, Waterloo",-0.10988,51.4978,531299.85,179339.15
372,"Sardinia Street, Holborn",-0.117863,51.5152,530681.797,181260.296
373,"Prince Consort Road, Knightsbridge",-0.176416,51.4998,526675.066,179450.831
374,"Waterloo Station 1, Waterloo",-0.113864,51.504,531040.64,180023.88
375,"Kensington Town Hall, Kensington",-0.194393,51.5019,525421.46,179657.41
376,"Millbank Tower, Pimlico",-0.125675,51.4919,530219.448,178658.479
377,"Waterloo Bridge, South Bank",-0.113657,51.5054,531015.1,180177.78
378,"Natural History Museum, South Kensington",-0.179078,51.4956,526501.98,178977.26
379,"Turquoise Island, Notting Hill",-0.200838,51.5143,524939.88,181021.93
380,"Stanhope Gate, Mayfair",-0.150667,51.5069,528442.283,180280.999
381,"Charlotte Street, Fitzrovia",-0.135777,51.5195,529439.8,181714.86
382,"Farm Street, Mayfair",-0.14745,51.5094,528659.11,180562.066
383,"Frith Street, Soho",-0.131214,51.5131,529774.65,181008.22
384,"Marloes Road, Kensington",-0.192404,51.4965,525581.649,179135.84
386,"Moor Street, Soho",-0.130111,51.5135,529849.98,181057.35
387,"Fire Brigade Pier, Vauxhall",-0.121394,51.4937,530502.265,178847.18
388,"Southampton Street, Strand",-0.121724,51.5107,530439.87,180758.83
389,"Upper Grosvenor Street, Mayfair",-0.155758,51.5101,528079.768,180634.274
390,"Buxton Street 1, Shoreditch",-0.068856,51.5218,534077.971,182085.39
392,"Imperial College, Knightsbridge",-0.179702,51.4994,526447.903,179402.677
393,"Snow Hill, Farringdon",-0.103604,51.5173,531678.31,181527.824
394,"Aberdeen Place, St. John's Wood",-0.176268,51.5248,526598.677,182219.159
395,"Cadogan Gardens, Chelsea",-0.159919,51.4925,527841.178,178665.799
396,"Shouldham Street, Marylebone",-0.163609,51.5181,527517.951,181501.241
397,"Devonshire Terrace, Bayswater",-0.17977,51.5135,526404.29,180965.76
398,"Holland Park, Kensington",-0.200742,51.5023,524978.879,179692.456
399,"Brick Lane Market, Shoreditch",-0.071654,51.5226,533879.41,182173.46
400,"George Street, Marylebone",-0.154106,51.5177,528172.69,181479.34
401,"Columbia Road, Shoreditch",-0.075375,51.5282,533605.501,182785.36
402,"Penfold Street, Marylebone",-0.171682,51.5229,526939.5,182025.86
403,"George Place Mews, Marylebone",-0.15825,51.5169,527888.1,181382.08
404,"Palace Gate, Kensington Gardens",-0.1844,51.502,526114.73,179685.29
405,"Gloucester Road Station, South Kensington",-0.182671,51.4942,526256.44,178814.57
408,"Paddington Green Police Station, Paddington",-0.170704,51.5199,527015.52,181699.61
409,"Strata, Elephant & Castle",-0.099828,51.4931,532011,178845
410,"Edgware Road Station, Marylebone",-0.169774,51.52,527088.93,181705.26
411,"Walworth Road, Elephant & Castle",-0.0996807,51.4934,532018,178870
412,"Cleaver Street, Kennington",-0.110121,51.4881,531311,178266
419,"Chelsea Bridge, Pimlico",-0.149004,51.4858,528618,177943
420,"Southwark Station 1, Southwark",-0.105312,51.504,531598,180046
421,"Southwark Station 2, Southwark",-0.105312,51.504,531598,180046
423,"Eaton Square (South), Belgravia",-0.153934,51.4946,528454.85,179132.12
424,"Ebury Bridge, Pimlico",-0.149186,51.4905,528590.411,178457.418
425,"Harrington Square 2, Camden Town",-0.139159,51.5334,529165.96,183208.85
426,"Vincent Street, Pimlico",-0.129925,51.4931,529922.434,178783.147
427,"Cheapside, Bank",-0.0929403,51.514,532427,181173
428,"Exhibition Road, Knightsbridge",-0.174554,51.4999,526805.17,179466.17
430,"South Parade, Chelsea",-0.17524,51.489,526800.929,178262.769
431,"Crinan Street, King's Cross",-0.122203,51.5345,530340.557,183401.788
432,"Exhibition Road Museums, South Kensington",-0.173894,51.497,526858.952,179138.76
433,"Wren Street, Holborn",-0.116279,51.5246,530775.826,182314.789
435,"Kennington Station, Kennington",-0.105593,51.4889,531618.98,178352.051
436,"Red Lion Street, Holborn",-0.11655,51.5182,530775.76,181613.621
437,"Vauxhall Walk, Vauxhall",-0.120903,51.4881,530561.708,178228.642
439,"Killick Street, King's Cross",-0.118677,51.5338,530584.603,183334.171
440,"Kennington Oval, Oval",-0.113134,51.4831,531116.466,177709.777
441,"Sail Street, Vauxhall",-0.114605,51.4957,531008.557,179109.603
442,"Walmer Road, Avondale",-0.211358,51.5101,524214.8,180549.99
443,"Philpot Street, Whitechapel",-0.058641,51.5153,534813.563,181364.769
444,"Bethnal Green Garden, Bethnal Green",-0.055312,51.5257,535005.893,182544.841
445,"Cheshire Street, Bethnal Green",-0.065076,51.5239,534333.295,182326.673
446,"York Hall, Bethnal Green",-0.055894,51.5289,534955.304,182905.275
447,"Jubilee Crescent, Cubitt Town",-0.007542,51.4934,538413.292,179050.345
448,"Fisherman's Walk West, Canary Wharf",-0.02296,51.5062,537311.192,180447.011
449,"Shadwell Station, Shadwell",-0.057159,51.5111,534920.712,180918.528
450,"Jubilee Street, Stepney",-0.053177,51.516,535181.287,181470.981
451,"Hermitage Court, Wapping",-0.063531,51.5047,534498.915,180197.879
452,"St. Katharine's Way, Tower",-0.070542,51.5057,534015.33,180291.978
453,"Garnet Street, Shadwell",-0.055167,51.5084,535066.566,180629.525
454,"Napier Avenue, Millwall",-0.021582,51.4877,537459.941,178381.168
455,"East Ferry Road, Cubitt Town",-0.014409,51.4945,537939.055,179151.953
456,"Parkway, Camden Town",-0.144664,51.5381,528772.12,183761.24
457,"Castlehaven Road, Camden Town",-0.145393,51.5421,528710.927,184212.768
458,"Wapping Lane, Wapping",-0.057544,51.5047,534910.627,180219.547
459,"Gunmakers Lane, Old Ford",-0.03338,51.5352,536498.818,183641.459
460,"Burdett Road, Mile End",-0.029138,51.5162,536849.477,181538.192
461,"Aston Street, Stepney",-0.038775,51.516,536193,181518
462,"Bonny Street, Camden Town",-0.138853,51.5416,529162.414,184164.556
463,"Thurtle road, Haggerston",-0.071881,51.5348,533829.469,183521.294
464,"St. Mary & St. Michael Church, Stepney",-0.052099,51.5142,529891.25,180564.33
465,"Pitfield Street North,Hoxton",-0.08249,51.5356,533059.93,183221.96
466,"Whiston Road, Haggerston",-0.076341,51.5345,533522.673,183483.56
467,"Southern Grove, Bow",-0.030556,51.5235,536724.103,182348.124
468,"Cantrell Road, Bow",-0.022694,51.5216,537280.248,182147.357
469,"Lindfield Street, Poplar",-0.020467,51.5138,537458.184,181283.023
470,"Mostyn Grove, Bow",-0.025492,51.5305,537058.085,183141.231
471,"Hewison Street, Old Ford",-0.028155,51.5333,536872.368,183433.387
472,"Malmesbury Road, Bow",-0.027616,51.5295,536918.801,183023.776
473,"Millharbour, Millwall",-0.019355,51.4961,537581.147,179321.034
474,"Castalia Square, Cubitt Town",-0.011457,51.4981,538133.466,179565.144
475,"Lightermans Road, Millwall",-0.020157,51.499,537518.868,179646.739
476,"Stebondale Street, Cubitt Town",-0.009205,51.4891,538317.543,178563.7
477,"Spindrift Avenue, Millwall",-0.018716,51.4911,537627.123,178765.557
478,"Stepney Green Station, Stepney",-0.04667,51.5219,535610.479,182132.795
479,"Pott Street, Bethnal Green",-0.058005,51.5272,534821.217,182705.366
480,"Flamborough Street, Limehouse",-0.0389866,51.5129,536173.767,181149.712
481,"Saunders Ness Road, Cubitt Town",-0.009001,51.4871,538321.883,178336.687
482,"Thornfield House, Poplar",-0.02377,51.5098,537241.687,180838.46
483,"Albert Gardens, Stepney",-0.047784,51.5133,535564.147,181179.98
484,"Bromley High Street, Bow",-0.013258,51.5288,537903.896,182963.603
485,"Old Ford Road, Bethnal Green",-0.048017,51.5311,535490.456,183159.596
486,"Granby Street, Shoreditch",-0.069543,51.5256,534018.68,182514.215
487,"Canton Street, Poplar",-0.025626,51.5118,537101.185,181035.64
488,"Reardon Street, Wapping",-0.058681,51.5069,534826.753,180456.361
489,"Christian Street, Whitechapel",-0.064094,51.5131,534432.437,181127.035
490,"Pennington Street, Wapping",-0.065006,51.5086,534383.92,180632.281
491,"Queen Mary's, Mile End",-0.041378,51.5225,535981.169,182217.026
492,"The Green Bridge, Mile End",-0.03562,51.5247,536374.907,182469.694
494,"South Quay East, Canary Wharf",-0.016251,51.502,537786.521,179980.548
495,"Bow Church Station, Bow",-0.018703,51.5282,537537.034,182889.765
496,"Devons Road, Bow",-0.015578,51.5251,537755.633,182570.589
497,"Merchant Street, Bow",-0.028619,51.5265,531258,183427
498,"Bow Road Station, Bow",-0.025296,51.5271,537083.871,182753.636
499,"Furze Green, Bow",-0.021345,51.5193,537382.971,181894.713
500,"Ansell House, Stepney",-0.055731,51.5198,534995.221,181895.605
501,"Cephas Street, Bethnal Green",-0.054883,51.5226,535044.051,182198.734
502,"Bonner Gate, Victoria Park",-0.0495918,51.3341,535379,183414
503,"Cleveland Way, Stepney",-0.051394,51.5209,535291.881,182019.279
504,"St. John's Park, Cubitt Town",-0.009506,51.4965,538271.309,179392.725
505,"Ackroyd Drive, Bow",-0.026768,51.5204,537005.332,182015.62
506,"Bell Lane, Liverpool Street",-0.075855,51.5175,533604.227,181594.692
507,"Clarkson Street, Bethnal Green",-0.059091,51.5287,534734.485,182872.343
508,"Fournier Street, Whitechapel",-0.074431,51.5194,533697.131,181824.341
509,"Fore Street, Guildhall",-0.090075,51.5178,532626.746,181625.46
510,"Westferry DLR, Limehouse",-0.025996,51.5093,537086.438,180770.659
511,"Sutton Street, Shadwell",-0.053558,51.5111,535166.306,180942.994
512,"Pritchard's Road, Bethnal Green",-0.06142,51.5321,534564.013,183243.616
513,"Watney Market, Stepney",-0.055656,51.5142,535013.296,181268.626
514,"Portman Square, Marylebone",-0.155525,51.5162,528097.06,181314.97
515,"Russell Gardens, Olympia",-0.211316,51.5001,524253.12,179422.45
516,"Chrisp Street Market, Poplar",-0.014438,51.5112,537893.525,181015.092
517,"Ford Road, Old Ford",-0.033085,51.5325,536526.951,183344.828
518,"Antill Road, Mile End",-0.037471,51.5282,536235.454,182860.378
519,"Teviot Street, Poplar",-0.011662,51.5188,538051.074,181854.663
520,"Bancroft Road, Bethnal Green",-0.047218,51.526,535577.096,182608.218
521,"Driffield Road, Old Ford",-0.037366,51.5341,536233.119,183513.91
522,"Clinton Road, Mile End",-0.036017,51.5259,536340.047,182609.205
523,"Langdon Park, Poplar",-0.013475,51.5155,537946.658,181497.434
524,"Lancaster Gate, Bayswater",-0.179668,51.5117,526433.725,180762.929
525,"Cartier Circle, Canary Wharf",-0.014293,51.5047,537904,180289
526,"Lancaster Drive, Blackwall",-0.008428,51.5031,538324.718,180127.424
527,"Hansard Mews, Holland Park",-0.215808,51.5038,523929.585,179821.948
528,"Clarges Street, Mayfair",-0.145827,51.5073,528778.204,180340.942
529,"Manresa Road, Chelsea",-0.170983,51.4869,527086.34,178024.38
530,"Newby Place, Poplar",-0.012413,51.5089,538037.839,180757.829
531,"Twig Folly Bridge, Mile End",-0.042744,51.5303,535868.402,183087.057
532,"Jubilee Plaza, Canary Wharf",-0.020068,51.5036,537521.433,180150.478
533,"Wellington Row, Bethnal Green",-0.069743,51.5282,533993.887,182800.529
534,"Goldsmith's Row, Haggerston",-0.066035,51.5319,534243.398,183212.75
535,"Gloucester Avenue, Camden Town",-0.147154,51.5373,528600.526,183676.382
536,"Queensbridge Road, Haggerston",-0.06992,51.5339,533965.286,183441.075
537,"Old Montague Street, Whitechapel",-0.067937,51.5179,534152.439,181659.083
538,"Naval Row, Blackwall",-0.00699,51.509,538409.538,180777.915
539,"Hoxton Station, Hoxton",-0.075901,51.5311,533561.407,183108.231
540,"Albany Street, The Regent's Park",-0.144466,51.5283,528811.657,182678.287
541,"Green Park Station, Mayfair",-0.142844,51.5066,528986.8455,180265.8142
542,"Salmon Lane, Limehouse",-0.033828,51.5141,536531.778,181299.646
543,"Lansdowne Walk, Ladbroke Grove",-0.204666,51.5096,524690.16,180494.09
544,"Percival Street, Finsbury",-0.102208,51.5262,531748.778,182509.36
545,"Arlington Road, Camden Town",-0.145246,51.54,528726.135,183971.838
546,"New Fetter Lane, Holborn",-0.107987,51.5174,531374.45,181529.56
547,"East India DLR, Blackwall",-0.002275,51.5095,538731.142,180844.081
548,"Westminster Bridge Road, Elephant & Castle",-0.107913,51.4984,531433.629,179413.872
549,"Gaywood Street, Elephant & Castle",-0.104193,51.496,531698.101,179160.022
550,"Harford Street, Mile End",-0.039264,51.5216,536129.278,182129.613
551,"Import Dock, Canary Wharf",-0.016233,51.5034,537778.752,180143.387
552,"Watney Street, Shadwell",-0.056667,51.5115,534951.953,180969.054
553,"Regent's Row, Haggerston ",-0.062546,51.5357,534472.953,183642.213
554,"Aberfeldy Street, Poplar",-0.005659,51.5135,538483.968,181285.264
556,"Heron Quays DLR, Canary Wharf",-0.021596,51.5027,537412.94,180046.684
557,"King Edward Street, St Pauls",-0.0985,51.516,532035.186,181414.686
558,"Page Street, Westminster",-0.127554,51.494,530116.498,178863.305
559,"Abbotsbury Road, Holland Park",-0.205991,51.5014,524619.34,179576.68
560,"Ladbroke Grove Central, Ladbroke Grove",-0.205921,51.5116,524596.35,180714.03
561,"Rectory Square, Stepney",-0.043371,51.5184,535854.653,181757.406
562,"Bury Place, Holborn",-0.12335,51.5175,530314.571,181504.681
563,"Preston's Road, Cubitt Town",-0.009152,51.4993,538282.397,179705.287
564,"Somerset House, Strand",-0.117619,51.5099,530728.995,180681.5
565,"Selby Street, Whitechapel",-0.063386,51.5219,534442.917,182109.618
566,"Westfield Ariel Way, White City",-0.224103,51.5092,523341.402,180409.536
568,"Bishop's Bridge Road West, Bayswater",-0.18697,51.5162,525880.795,181238.113
569,"Pitfield Street Central, Hoxton",-0.08299,51.5321,533086.434,183589.348
570,"Upper Bank Street, Canary Wharf",-0.017676,51.5031,537683.464,180108.199
571,"Westfield Southern Terrace,Shepherd's Bush",-0.218337,51.5063,523749.409,180096.167
572,"Greenland Road, Camden Town",-0.141728,51.5391,528973.592,183881.368
573,"Limerston Street, West Chelsea",-0.18119,51.4856,526384.07,177861.7
574,"Eagle Wharf Road, Hoxton",-0.09315,51.5336,532346.774,183332.678
576,"Alpha Grove, Millwall",-0.022793,51.4973,537346.342,179449.929
577,"Globe Town Market, Bethnal Green",-0.047548,51.5289,535530.483,182915.551
578,"Hollybush Gardens, Bethnal Green",-0.057133,51.5276,534873.269,182755.692
579,"Queen Street 2, Bank",-0.093051,51.5112,532429.231,180870.051
580,"Doddington Grove, Kennington",-0.102996,51.4869,531808.81,178148.438
581,"New Cavendish Street, Marylebone",-0.147983,51.5192,528595,181653.213
583,"Abingdon Green, Westminster",-0.125978,51.4976,530187.151,179296.365
584,"Ilchester Gardens, Bayswater",-0.19096,51.5124,525629.144,180826.991
586,"Mudchute DLR, Cubitt Town",-0.014582,51.4906,537936.749,178724.371
587,"Monument Street, Monument",-0.08497,51.5096,533009.761,180702.514
588,"Hoxton Street, Hoxton",-0.0801,51.5296,533273.635,182926.713
589,"Drayton Gardens, West Chelsea",-0.179369,51.4872,526506.18,178043.158
590,"Greenberry Street, St.John's Wood",-0.16862,51.5326,527123.887,183112.862
591,"Westfield Library Corner, Shepherd's Bush",-0.224224,51.5061,523330.13,180073.174
592,"Bishop's Bridge Road East, Bayswater",-0.18377,51.5171,526142.111,181356.871
593,"Northdown Street, King's Cross",-0.11934,51.5311,530548.739,183035.5
594,"Kingsway Southbound, Strand",-0.117774,51.5139,530706.094,181118.599
595,"Hammersmith Road, Hammersmith",-0.21985,51.4933,523679.21,178649.13
596,"Parson's Green, Parson's Green",-0.199783,51.4728,524970.47,176658.01
597,"Fulham Park Road, Fulham",-0.20782,51.4735,524568.44,176468.32
598,"Southerton Road, Hammersmith",-0.228188,51.4945,523097.84,178772.43
599,"Manbre Road, Hammersmith",-0.223616,51.4857,523438.05,177806.26
600,"South Lambeth Road, Vauxhall",-0.124642,51.4817,530321.194,177533.143
601,"BBC White City, White City",-0.225787,51.5148,523209.79,181030.8
602,"Union Grove, Wandsworth Road",-0.133972,51.473,529698.26,176543.77
603,"Caldwell Street, Stockwell",-0.116493,51.4778,530898.2,177113.89
604,"St Martins Close, Camden Town",-0.138535,51.5388,535262.512,181270.6
605,"Seymour Place, Marylebone",-0.163667,51.5203,527504.35,181755.31
606,"Addison Road, Holland Park",-0.210941,51.5042,524268.2,179873.55
607,"Putney Bridge Station, Fulham",-0.210279,51.4688,524409.92,175945.55
608,"Colet Gardens, Hammersmith",-0.216493,51.4911,523918,178413.07
609,"Sugden Road, Clapham",-0.157788,51.4651,528066.21,175625.63
610,"Danvers Street, West Chelsea",-0.172078,51.4826,527025.49,177541.45
611,"Princedale Road, Holland Park",-0.208487,51.5065,524432.29,180135.94
612,"Wandsworth Rd, Isley Court, Wandsworth Road",-0.141813,51.4693,529164.05,176114.05
613,"Woodstock Grove, Shepherd's Bush",-0.2174,51.504,523819.67,179850.86
614,"Bradmead, Battersea Park",-0.144691,51.4782,528938.73,177100.07
615,"Finlay Street, Fulham",-0.215896,51.4769,523997.7,176834.11
616,"Aintree Street, Fulham",-0.209973,51.481,524397.8,177303.54
617,"Elysium Place, Fulham",-0.207843,51.4711,524572.75,176202.31
618,"Eel Brook Common, Walham Green",-0.193254,51.4763,525572.04,176802.8
619,"Irene Road, Parsons Green",-0.19701,51.4738,525317.94,176518.5
620,"Surrey Lane, Battersea",-0.167161,51.4752,527387.13,176727.74
621,"Wandsworth Town Station, Wandsworth",-0.187427,51.4609,526018.57,175101.45
622,"Lansdowne Road, Ladbroke Grove",-0.205536,51.5075,524634.1,180254.44
623,"Nantes Close, Wandsworth",-0.180792,51.4619,526476.93,175231.19
624,"Courland Grove, Wandsworth Road",-0.132103,51.4729,529828.27,176537.55
625,"Queen's Circus, Battersea Park",-0.149552,51.4776,528603.04,177029.61
626,"Normand Park, West Kensington",-0.204815,51.4844,524747.35,177686.7
627,"Holden Street, Battersea",-0.158231,51.4688,528024.68,176032.76
628,"William Morris Way, Sands End",-0.184319,51.4688,526212.81,175990.83
629,"Morie Street, Wandsworth",-0.190184,51.46,525830.04,174994.6
630,"Clarence Walk, Stockwell",-0.126994,51.4707,530189.19,176304.15
631,"Battersea Park Road, Nine Elms",-0.141771,51.4795,529137.84,177253.18
632,"Sheepcote Lane, Battersea",-0.163042,51.4705,527686.45,176218.56
633,"Vereker Road, West Kensington",-0.209379,51.4896,524415.96,178257.99
634,"Brook Green South, Brook Green",-0.215805,51.4943,523956.57,178776.4
635,"Greyhound Road, Hammersmith",-0.214428,51.4861,524074.86,177857.29
636,"South Park, Sands End",-0.193502,51.4671,525579.98,175779.81
637,"Spencer Park, Wandsworth Common",-0.174692,51.4579,526912.14,174790.01
638,"Falcon Road, Clapham Junction",-0.169821,51.4666,527226.08,175773.15
639,"Coomer Place, West Kensington",-0.202039,51.4836,524941.77,177600.85
640,"Silverthorne Road, Battersea",-0.148059,51.4729,528720.06,176503.57
641,"Archbishop's Park, Waterloo",-0.117496,51.4982,530769.84,179379.73
642,"Fawcett Close, Battersea",-0.174486,51.4692,526894.53,176046.36
643,"All Saints' Road, Portobello",-0.204764,51.519,524656.07,181541.47
644,"Rainville Road, Hammersmith",-0.223852,51.4837,523427.1,177582.05
645,"Great Suffolk Street, The Borough",-0.100292,51.5017,531953.966,179798.936
646,"Buckingham Gate, Westminster",-0.137425,51.4989,529384.69,179414.08
647,"Richmond Way, Shepherd's Bush",-0.217515,51.5004,523822.49,179441.42
648,"Peterborough Road, Sands End",-0.196275,51.469,525382.43,175994.83
649,"World's End Place, West Chelsea",-0.180275,51.4818,526457.94,177441.51
650,"St. Mark's Road, North Kensington",-0.213872,51.5169,524030.45,181284.3
651,"Thorndike Close, West Chelsea",-0.183854,51.4809,526212.41,177335.2
652,"Evesham Street, Avondale",-0.21819,51.5115,523744.9,180678.48
653,"Simpson Street, Clapham Junction",-0.170704,51.4708,527152.88,176240.24
654,"Ashmole Estate, Oval",-0.117662,51.4827,530803.31,177649.253
655,"Crabtree Lane, Fulham",-0.219346,51.4829,523741.7,177501.59
656,"Broomhouse Lane, Parsons Green",-0.199136,51.4684,525184.59,175920.97
657,"Blythe Road West, Shepherd's Bush",-0.221792,51.4997,523526.62,179358.97
658,"Ethelburga Estate, Battersea Park",-0.164786,51.4773,527546.27,176966.96
659,"Blackfriars Station, St. Paul's",-0.1030789,51.511934,531731,180928
660,"West Kensington Station, West Kensington",-0.20603,51.4909,524645.4,178406.3
661,"All Saints Church, Portobello",-0.202609,51.5163,524813.41,181241.632
662,"Phene Street, Chelsea",-0.16792,51.485,527307.16,177817.12
663,"Clarendon Road, Avondale",-0.211594,51.5132,524197.96,180883.25
664,"Austin Road, Battersea Park",-0.155443,51.4744,528202.6,176659.39
665,"Smugglers Way, Wandsworth",-0.191723,51.4611,525719.73,175117.51
666,"Olympia Way, Olympia",-0.208158,51.4961,524483.03,178983.83
667,"Shepherd's Bush Road North, Shepherd's Bush",-0.222293,51.5016,523487.44,179570.5
668,"Ravenscourt Park Station, Hammersmith",-0.23677,51.4942,522501.57,178726.74
669,"Teversham Lane, Stockwell",-0.123258,51.4761,530433.25,176912.89
670,"Ashley Crescent, Battersea",-0.152249,51.4672,528445.32,175864.51
671,"Parsons Green Station, Parsons Green",-0.201968,51.4751,525128.73,176409.39
672,"Grant Road Central, Clapham Junction",-0.173657,51.4647,526964.82,175549.88
673,"Hibbert Street, Battersea",-0.180389,51.4652,526495.67,175592.21
674,"Carnegie Street, King's Cross",-0.116191,51.5355,530753.69,183521.76
675,"Usk Road, Clapham Junction",-0.182126,51.4635,526379.77,175401.93
676,"Hartington Road, Stockwell",-0.126874,51.4779,530176.61,177098.25
677,"Heath Road, Battersea",-0.146545,51.4687,528836.87,176039.6
678,"Esmond Street, Putney",-0.211469,51.4623,524345.4,175220.69
679,"Orbel Street, Battersea",-0.170211,51.4745,527176.53,176651.24
680,"Westbridge Road, Battersea",-0.170329,51.4777,527159.92,177000.76
681,"Bishop's Avenue, Fulham",-0.21475,51.473,524088.13,176408.16
682,"Crisp Road, Hammersmith",-0.226606,51.4881,523223.78,178064.49
683,"Dorothy Road, Clapham Junction",-0.163751,51.4651,527651.66,175609.49
684,"Neville Gill Close, Wandsworth",-0.195197,51.4548,525496.37,174408.43
685,"Osiers Road, Wandsworth",-0.198735,51.4607,525234.12,175060.37
686,"Beryl Road, Hammersmith",-0.222456,51.4881,523511.94,178074.75
687,"Maclise Road, Olympia",-0.211456,51.4976,524250.15,179146.3
688,"Northfields, Wandsworth",-0.200668,51.461,525099.26,175087.68
689,"Spanish Road, Clapham Junction",-0.180885,51.4592,526478.29,174929.86
690,"Stanley Grove, Battersea",-0.15213,51.4705,528444.17,176230.57
691,"Erin Close, Walham Green",-0.195777,51.4795,525387.94,177155.06
692,"Cadogan Close, Victoria Park",-0.0289416,51.5421,536785.273,184420.817
693,"Felsham Road, Putney",-0.215619,51.4648,524049.5,175488.95
694,"Putney Rail Station, Putney",-0.216526,51.4607,523998.14,175035.31
695,"Islington Green, Angel",-0.102758,51.5364,531682.69,183647.59
696,"Charing Cross Hospital, Hammersmith",-0.217996,51.4873,523823.55,177987.46
697,"Charlotte Terrace, Angel",-0.112721,51.5364,530992.23,183630.54
698,"Shoreditch Court, Haggerston",-0.0703294,51.5391,533924.03,184006.87
699,"Belford House, Haggerston",-0.0702303,51.5367,533938.11,183737.03
700,"Battersea Church Road, Battersea",-0.174347,51.477,526882.58,176914.01
701,"Vicarage Crescent, Battersea",-0.176267,51.4729,526761.07,176456.07
702,"Durant Street, Bethnal Green",-0.0655503,51.5287,534286.011,182858.769
703,"St. Bride Street, Holborn",-0.105344,51.5151,531565.002,181271.943
704,"Mexfield Road, East Putney",-0.202802,51.4568,524962.07,174625.24
705,"Upper Richmond Road, Putney",-0.212146,51.4597,524304.9,174930.54
706,"Snowsfields, London Bridge",-0.0836329,51.5022,533108.93,179876.31
707,"Barons Court Station, West Kensington",-0.215087,51.4902,524017.98,178317.93
708,"Disraeli Road, Putney",-0.216146,51.4616,524022.15,175134.54
709,"Montserrat Road, Putney",-0.215551,51.4632,524058.96,175313.63
710,"Albert Bridge Road, Battersea Park",-0.163348,51.4744,527653.7,176646.79
711,"Everington Street, Fulham",-0.216306,51.4834,523951.5,177553.45
712,"Mile End Stadium, Mile End",-0.0349037,51.5185,536442.415,181788.258
713,"Hawley Crescent, Camden Town",-0.143261,51.541,528860.934,184089.918
714,"Stewart's Road, Wandsworth Road",-0.137235,51.4731,529471.27,176550.58
715,"Aylward Street, Stepney",-0.0490672,51.5156,535468.353,181437.941
716,"Stainsby Road, Poplar",-0.023565,51.5154,537238.204,181462.74
717,"Dunston Road, Haggerston",-0.0758857,51.5366,533545.94,183719.13
718,"Ada Street, Hackney Central",-0.0602918,51.5357,534630.46,183650.76
719,"Victoria Park Road, Hackney Central",-0.0541623,51.5364,535053.27,183741.44
720,"Star Road, West Kensington",-0.205279,51.4872,524706.51,178004.32
721,"Wendon Street, Old Ford",-0.0262627,51.536,536989.092,183749.523
722,"Finnis Street, Bethnal Green",-0.0586315,51.5246,534778.324,182415.886
723,"Stephendale Road, Sands End",-0.190346,51.4682,525795.59,175914.26
724,"Alma Road, Wandsworth",-0.184806,51.458,526208.73,174785.63
725,"Walworth Square, Walworth",-0.096519,51.49132,532246,178648.7
726,"Alfreda Street, Battersea Park",-0.150908,51.4751,528515.79,176742.07
727,"Chesilton Road, Fulham",-0.205876,51.4757,524697.19,176719.37
728,"Putney Bridge Road, East Putney",-0.206241,51.462,524709.2,175195.12
729,"St. Peter's Terrace, Fulham",-0.208485,51.4789,524506.62,177075.08
730,"Bridge Avenue, Hammersmith",-0.229117,51.4921,523038.99,178502.34
731,"Michael Road, Walham Green",-0.18921,51.4773,525849.99,176923.05
732,"Duke Street Hill, London Bridge",-0.087263,51.5063,532844.56,180330.78
733,"Park Lane, Mayfair",-0.150817,51.5054,528436.724,180119.721
734,"Plough Terrace, Clapham Junction",-0.175407,51.4623,526850.25,175282.22
735,"Grant Road East, Clapham Junction",-0.173029,51.4649,527008.27,175574
736,"Queensdale Road, Shepherd's Bush",-0.216104,51.5066,523902.64,180136.72
737,"Fulham Broadway, Walham Green",-0.194117,51.4799,525501.57,177209.6
738,"Imperial Road, Sands End",-0.187279,51.4751,525990.27,176689.44
739,"Hortensia Road, West Brompton",-0.185274,51.4818,526110.69,177429.13
740,"Sirdar Road, Avondale",-0.214595,51.5109,523996.23,180622.38
741,"Freston Road, Avondale",-0.219487,51.513,523650.98,180841.97
742,"Blenheim Crescent, Ladbroke Grove",-0.208565,51.5151,524402.58,181096.88
743,"Oxford Road, Putney",-0.212608,51.4608,524270.42,175049.71
744,"Ingrave Street, Clapham Junction",-0.172293,51.4675,527052.18,175859.98
745,"Upcerne Road, West Chelsea",-0.182435,51.4782,526317.5,177033.59
746,"Lots Road, West Chelsea",-0.179039,51.4796,526550.06,177195.93
747,"Ormonde Gate, Chelsea",-0.161765,51.488,527725.63,178159.05
748,"Hertford Road, De Beauvoir Town",-0.0792018,51.5373,533313.86,183790.37
749,"Haggerston Road, Haggerston",-0.0742847,51.5393,533649.41,184027.35
750,"Culvert Road, Battersea",-0.15785,51.4711,528044.92,176289.63
751,"Newton Street, Covent Garden",-0.120909,51.5161,530481.91,181362.89
752,"Manfred Road, East Putney",-0.206002,51.4582,524735.87,174769.28
753,"Hammersmith Town Hall, Hammersmith",-0.234094,51.4926,522692.17,178554.81
754,"Grenfell Road, Avondale",-0.214763,51.5129,523978.97,180841.17
755,"The Vale, Chelsea",-0.174972,51.4851,526817.223,177819.604
756,"Prince of Wales Drive, Battersea Park",-0.15917,51.4752,527941.72,176738.57
757,"Harcourt Terrace, West Brompton",-0.187405,51.488,525945.9,178114.11
758,"Westbourne Park Road, Portobello",-0.201005,51.5179,524919.97,181417.28
759,"Broadley Terrace, Marylebone",-0.165669,51.5246,527352.686,182221.621
760,"Rossmore Road, Marylebone",-0.163795,51.5253,527481.21,182304.03
761,"Humbolt Road, Fulham",-0.211861,51.4832,524261.35,177545.39
762,"Storey's Gate, Westminster",-0.129699,51.5007,529915.96,179632.33
763,"Mile End Park Leisure Centre, Mile End",-0.0325665,51.5206,536597.681,182021.105
764,"St. John's Road, Clapham Junction",-0.168292,51.4624,527343.52,175304.13
765,"Ranelagh Gardens, Fulham",-0.206827,51.4676,524653.35,175817.28
766,"Ram Street, Wandsworth",-0.192166,51.4575,525698.89,174722.25
767,"Santos Road, Wandsworth",-0.200806,51.4571,525099.77,174654.9
768,"Clapham Common North Side, Clapham Common",-0.159322,51.4613,527969.71,175203.37
769,"Sandilands Road, Walham Green",-0.191803,51.4736,525680.13,176511.24
770,"Gwendwr Road, West Kensington",-0.209121,51.491,524429.82,178417.234
771,"Rifle Place, Avondale",-0.216016,51.5092,523901.73,180429.7
772,"Binfield Road, Stockwell",-0.122832,51.4725,530472.986,176508.879
773,"Tallis Street, Temple",-0.107349,51.5119,531432.6,180916.5
774,"Hurlingham Park, Parsons Green",-0.20464,51.4701,524904.41,176127.16
775,"Little Brook Green, Brook Green",-0.223868,51.4967,523391.86,179020.38
776,"Abyssinia Close, Clapham Junction",-0.167029,51.4603,527435.68,175080.19
777,"Limburg Road, Clapham Junction",-0.165298,51.4619,527553.3,175257
778,Pop Up Dock 1,-0.04109,51.5338,0,0
779,"Houndsditch, Aldgate",-0.077179,51.5144,533520,181255
780,"Imperial Wharf Station, Sands End",-0.183165,51.4747,526277.28,176643.98
781,"Victoria & Albert Museum, South Kensington",-0.172065,51.4967,526930.332,179023.57
782,"Halford Road, West Kensington",-0.197609,51.4839,525248.55,177646.41
783,"Monier Road, Hackney Wick",-0.0216304,51.5403,537297,184234
784,"East Village, Queen Elizabeth Olympic Park",-0.00993526,51.5463,538090,184925
785,"Aquatic Centre, Queen Elizabeth Olympic Park",-0.0105106,51.5409,538067,184325
786,"Lee Valley VeloPark, Queen Elizabeth Olympic Park",-0.0157176,51.5494,537680,185252
787,"Timber Lodge, Queen Elizabeth Olympic Park",-0.0146913,51.5468,537759,184969
788,"Copper Box Arena, Queen Elizabeth Olympic Park",-0.0195248,51.5448,537430,184741
789,"Podium, Queen Elizabeth Olympic Park",-0.0118895,51.5387,537978,184075
790,"Stratford Station, Stratford",-0.00481,51.5418,538461,184413
792,"Blackfriars Road, Southwark",-0.104541,51.5055,531648.4,180205.98
793,"Cromer Street, Bloomsbury",-0.119559,51.5283,530541,182716
794,"Lansdowne Way Bus Garage, Stockwell",-0.12458,51.4746,524634.1,180254.44
795,"Euston Square Gardens, Euston",-0.134849,51.5276,529483,182599
796,"Coram Street, Bloomsbury",-0.12641,51.524,530078,182231
797,"Ossulston Street, Somers Town",-0.128281945,51.52930361,529933,182815
798,"Birkenhead Street, King's Cross",-0.122299,51.5302,530345,182925
799,"Kings Gate House, Westminster",-0.137599,51.4977,529376,179283
800,"Sopwith Way, Battersea Park",-0.149035,51.4811,528628.7,177420.35
801,"Lavington Street, Bankside",-0.0980318,51.5052,532100.8,180191.4
802,"Albert Square, Stockwell",-0.118256789,51.47659006,530779.07,176970.92
803,"Southwark Street, Bankside",-0.098341088,51.50540994,532078.8,180211.5
804,"Good's Way, King's Cross",-0.125079,51.5347,530139.9,183417.2
805,"Bevington Road, North Kensington",-0.206338208,51.52007391,524544,181653
806,"Handyside Street, King's Cross",-0.12481,51.53724,530151.38,183703.79
807,"Bevington Road West, North Kensington",-0.208617281,51.52113388,524383,181767
808,"Stockwell Roundabout, Stockwell",-0.122556,51.4735,530489.4,176618.1
809,"Lincoln's Inn Fields, Holborn",-0.114998086,51.51582693,530893,181340
810,"Tate Modern, Bankside",-0.098884952,51.50672097,532037.27,180356.31
811,"Westferry Circus, Canary Wharf",-0.027775894,51.50569679,536975,180373
812,"Here East North, Queen Elizabeth Olympic Park",-0.022626668,51.54872406,537203.027,185167.369
813,"New Spring Gardens Walk, Vauxhall",-0.122759626,51.48780745,530434.4,178210.3
814,"Clapham Road, Lingham Street, Stockwell",-0.123670736,51.47143307,530417.81,176387.8
815,"Lambeth Palace Road, Waterloo",-0.115171479,51.50045247,530925,179630
816,"Here East South, Queen Elizabeth Olympic Park",-0.022626668,51.54872406,537360,184911
817,"Riverlight South, Nine Elms",-0.13821289,51.48133503,529379.86,177463.15
818,"Westminster Pier, Westminster",-0.12382352,51.501513,530321.48,179732.45
819,"Belvedere Road 2, South Bank",-0.114686,51.5061,530941.4,180262.54
820,"Victory Place, Walworth",-0.092486949,51.49266501,532522,178804.8
821,"Battersea Power Station, Battersea Park",-0.147702349,51.48351589,528714.824,177688.956
826,"Allington street, Westminster",-0.142952,51.496858,529007.6,179181.6
827,"Cranmer Road, Stockwell",-0.111481,51.479593,531241.64,177317.86
828,"Normandy Road, Stockwell",-0.112581,51.473874,531181.45,176679.92
829,"Wynne Road, Stockwell",-0.112687,51.469217,531187.28,176161.47
830,"Sidney Road, Stockwell",-0.119023,51.469202,530747.66,176148.78
831,"St John's Crescent, Brixton",-0.113184,51.466231,531161.33,175828.05
832,"Ferndale Road, Brixton. ",-0.115795,51.464016,530986.88,175577.4
833,"Saltoun Road, Brixton",-0.115375,51.460232,531026.75,175157.03
834,"Gas Holders, Battersea Park",-0.147857,51.477966,528720,177072
836,"York Way, Kings Cross",-0.125442,51.541596,530095,184187
835,"Farringdon Street, Holborn",-0.1049478,51.516785,531588,181465
838,"Fore Street Avenue, Guildhall",-0.0914017,51.518093,532524,181634
839,"Sea Containers, South Bank",-0.1068403,51.507974,531482,180481
